feature,importance
artist_popularity,0.14627851986654028
artist_followers,0.13836990749630595
album_type,0.1381112664596886
duration_min,0.10830212499877767
release_year,0.08484094555499229
album_total_tracks,0.07974744424219563
release_month,0.06320085079338096
track_number,0.05944790415090338
explicit,0.01391934320508609
primary_genre,0.01135760967804981
artist_followers_log,0.006614293910620968
